道,11079
不,8883
一,7970
了,7753
那,7517
我,7225
是,6499
来,5995
他,5752
个,5705
行,5630
你,5523
的,5434
者,4990
有,4489
大,4231
得,3846
这,3808
上,3777
去,3700
见,3430
老,3413
人,3381
三,3361
在,3361
下,3045
子,2986
也,2946
僧,2859
里,2834
王,2715
天,2641
师,2623
之,2551
又,2500
着,2493
只,2491
说,2328
妖,2314
出,2297
八,2269
与,2239
头,2148
就,2094
此,2094
山,2061
却,2047
看,2040
儿,1994
将,1920
父,1897
好,1888
戒,1868
前,1840
门,1804
如,1803
无,1765
圣,1732
中,1718
把,1703
打,1648
身,1638
时,1624
藏,1603
等,1595
小,1584
怪,1557
么,1547
心,1472
到,1451
唐,1443
何,1443
怎,1427
叫,1425
们,1420
长,1395
要,1388
金,1378
日,1375
手,1368
知,1359
孙,1359
言,1324
回,1311
两,1301
正,1298
走,1292
十,1286
家,1283
生,1283
二,1246
还,1216
处,1208
住,1202
神,1192
众,1187
都,1183
弟,1178
声,1172
甚,1171
云,1152
马,1143
水,1126
沙,1110
方,1095
真,1093
今,1088
起,1078
空,1068
路,1064
些,1043
风,1043
精,1039
地,1034
四,1031
和,1024
教,1020
笑,1018
吃,1015
做,1001
即,994
听,992
可,988
自,980
多,979
为,969
拿,960
面,956
国,956
经,940
若,938
事,930
问,929
变,927
后,917
口,916
仙,910
过,909
开,907
西,904
果,890
相,889
然,880
魔,875
请,870
龙,868
闻,864
才,862
宝,856
且,848
取,839
尚,836
火,821
洞,817
当,814
年,799
菩,799
进,793
拜,790
萨,788
高,781
放,780
徒,776
至,769
佛,768
分,768
便,761
五,759
光,756
法,756
罢,754
莫,752
官,747
边,744
间,740
哩,738
花,728
敢,725
太,719
命,717
悟,716
曾,716
难,715
明,711
几,707
万,694
女,690
喜,690
往,689
外,685
千,684
会,681
本,680
猴,661
棒,649
东,646
公,641
被,630
名,629
坐,628
能,627
宫,621
原,621
气,611
早,609
入,607
作,603
使,598
倒,596
哥,589
乃,586
玉,584
兄,582
救,581
同,573
而,572
化,571
死,570
急,570
朝,568
般,566
爷,564
没,557
观,554
寻,550
收,550
再,547
用,546
念,540
百,536
土,536
径,529
定,528
齐,523
各,523
礼,522
意,517
先,516
主,515
话,514
白,510
似,507
物,504
战,503
但,503
海,502
星,500
眼,498
成,497
殿,496
半,496
对,493
解,493
想,492
安,491
动,489
以,488
城,486
因,486
衣,483
送,481
惊,478
转,477
兵,474
呆,472
性,470
尽,469
斗,466
谢,464
飞,459
君,459
内,457
已,457
香,457
快,452
满,446
报,444
铁,444
通,439
望,439
降,436
六,435
力,434
南,425
更,419
斋,419
啊,419
石,414
字,406
灵,405
怕,403
发,402
文,402
月,400
夜,400
近,399
随,397
认,392
数,389
忽,388
七,386
杀,385
未,385
跳,384
从,383
既,381
赶,380
少,377
九,377
帝,375
黄,373
须,371
故,370
弄,370
乱,369
迎,366
情,365
传,363
样,362
娘,362
落,361
善,358
亲,356
待,356
驾,355
向,353
合,353
远,352
清,352
虎,352
必,350
功,346
点,345
语,345
苦,343
管,341
红,341
直,341
慌,340
猪,338
实,338
色,337
暗,336
受,336
干,335
依,332
条,332
寺,331
树,331
母,329
求,325
接,325
象,325
音,324
俱,324
连,322
脱,322
细,322
旨,321
于,321
位,320
罗,320
喝,317
钯,316
根,316
脚,315
领,314
李,313
差,309
忙,309
假,308
睡,308
唤,307
嘴,307
恐,307
伤,306
卷,305
带,304
雨,304
奏,302
欢,302
酒,301
所,299
立,298
耳,298
河,295
鬼,294
毛,294
刀,294
奉,294
木,292
扯,290
贝,290
步,290
关,290
紧,288
毕,287
座,286
士,286
保,283
摇,280
张,280
府,279
阴,279
青,278
害,277
流,276
抬,275
留,275
牛,275
穿,273
胜,273
饭,273
罪,272
草,270
雷,269
恩,269
左,268
扇,268
称,268
遂,268
常,266
举,266
现,265
休,264
祖,264
界,263
童,262
呼,262
净,262
伏,262
重,261
世,261
归,260
脸,258
令,257
深,256
林,251
第,251
松,251
护,250
纵,247
散,246
轻,246
件,246
丹,245
皆,245
双,244
泼,244
理,243
丈,242
指,242
灯,242
排,242
场,241
破,241
撞,240
施,240
箍,239
顶,239
骂,239
应,238
楼,238
盘,237
捉,236
别,236
尊,235
许,235
阵,234
告,234
平,233
皇,233
雾,232
修,232
全,232
右,232
欲,230
古,229
容,229
器,228
夫,228
遇,228
响,227
曰,227
虽,227
引,226
贼,226
御,225
哭,225
肯,224
晚,224
婆,224
黑,223
烧,222
计,222
阳,222
旁,221
比,221
其,220
舍,220
离,219
觉,218
房,218
堂,217
元,217
皮,216
寿,215
轮,215
棍,215
彩,214
茶,214
绳,213
钻,212
怒,210
偷,209
银,209
台,209
强,208
复,208
活,208
凡,207
兢,207
臣,207
凶,206
持,206
邪,206
消,204
晓,204
杖,202
滚,201
恶,200
宗,200
枪,200
服,199
讲,198
丢,198
贫,196
按,196
信,195
翻,194
摆,194
咒,194
厮,194
幌,193
烟,193
诗,192
锦,192
奈,192
汉,191
药,191
腰,191
整,191
忍,191
失,191
唬,191
断,190
照,190
书,190
识,189
泪,189
贤,189
岁,189
首,187
久,186
跟,185
答,185
思,185
饶,184
桃,184
跑,182
造,181
结,181
姓,181
华,181
崖,181
遍,180
担,180
武,180
玄,180
推,180
题,179
禅,179
特,178
该,178
毫,177
叉,176
段,175
执,175
筋,174
退,174
钉,174
宿,173
虚,172
素,172
谁,172
跪,172
壁,172
败,172
挂,171
群,171
养,171
魂,171
威,171
陛,171
架,170
波,170
蒙,169
争,169
让,169
端,169
层,169
诸,169
广,168
布,168
索,167
模,167
院,166
换,166
掌,166
借,166
凤,165
耍,165
盖,165
尘,165
则,164
及,164
号,163
美,163
肉,163
乐,163
愿,163
跌,163
足,162
背,162
庄,161
嚷,160
牙,160
江,159
幸,159
部,159
列,159
包,159
食,159
并,158
裟,157
汝,157
岸,157
体,157
厢,156
袈,156
恼,156
挑,156
揭,155
交,155
侍,155
递,154
祥,154
呀,154
亦,154
陈,154
非,154
停,153
次,153
显,153
腾,152
旧,152
装,151
园,151
矣,150
吾,150
胆,150
飘,150
剑,149
利,149
昏,149
春,149
爱,149
供,148
登,148
涧,148
闹,147
寒,147
吹,147
慢,147
虫,146
闪,146
福,146
哄,145
呵,145
底,144
围,144
牵,144
鼓,143
骨,143
胡,143
遭,143
招,142
疼,142
塔,141
设,141
切,141
番,140
诚,140
狮,140
角,139
’,138
奔,138
妙,138
叩,138
荡,138
朕,137
紫,137
或,136
劳,136
筑,135
翠,135
恨,135
钱,135
野,134
助,134
低,134
节,133
买,133
顿,133
烦,133
德,133
参,133
擒,133
孩,132
息,132
咐,132
岭,132
慈,131
掣,131
抖,130
‘,130
鱼,130
吩,130
宴,130
悲,129
油,129
喷,128
柳,128
目,128
候,128
游,128
缘,128
冷,127
舞,127
仔,127
锁,127
止,127
扑,127
客,126
闲,126
绣,125
余,125
霄,125
静,125
肚,125
形,123
竹,123
北,123
妇,123
守,123
欺,123
饮,123
甲,123
貌,123
熟,123
岂,123
逢,122
郎,122
笼,122
量,122
章,122
丑,122
睛,122
叶,121
亭,121
阁,121
碎,120
感,120
爬,120
雄,120
帅,120
除,119
辞,119
度,119
军,119
痛,119
迟,118
灭,118
短,118
躲,117
妻,117
怜,117
班,117
启,117
刚,117
绝,117
提,117
捻,117
论,117
沉,116
珠,116
灾,116
卖,116
踏,116
祸,115
梦,115
共,115
焰,115
冲,115
驮,115
桥,115
匹,114
束,114
炼,114
新,114
宣,114
摸,114
备,114
影,114
牌,113
歇,113
托,113
兽,113
景,112
反,112
瓶,112
丝,112
莲,112
洗,112
员,112
渐,112
蒸,111
竟,111
献,111
池,111
粗,111
披,110
狼,110
期,110
峰,110
亏,110
钦,109
芦,109
势,108
缠,108
表,108
赐,108
极,107
孤,107
井,107
遮,107
扫,106
顾,106
辰,106
血,106
坡,106
砍,106
趁,106
治,106
惧,106
赌,106
怀,105
磕,105
刹,105
雪,105
证,105
疑,105
浪,105
咬,105
敌,105
喊,105
居,105
拾,105
赴,104
蓬,104
旗,104
顺,104
:,104
霞,104
劈,104
鹿,103
铺,103
句,103
隐,103
病,103
伸,103
醒,103
记,102
展,102
朵,102
逃,102
帘,102
昨,102
微,102
钢,101
街,101
猿,101
毒,101
男,100
捆,100
医,100
拔,100
块,100
吊,100
找,100
杯,99
幽,99
司,99
调,99
袖,99
软,99
乌,99
宽,98
学,98
折,98
鼻,98
伙,98
枝,98
压,98
锅,98
扶,98
炉,98
铃,97
查,97
胎,97
洲,96
赛,96
算,96
赤,96
决,96
摄,95
诀,95
奇,95
垂,95
民,95
船,95
投,95
孽,94
搭,94
抛,94
亮,94
躬,94
羊,94
狂,94
凭,94
浑,94
初,94
临,93
丞,93
程,93
温,93
济,93
汤,93
猛,93
露,93
扬,92
绕,92
英,92
陪,92
俗,92
错,92
铜,92
尖,92
奘,92
谛,91
葫,91
纷,91
粉,91
秋,91
异,91
每,91
泉,90
搀,90
驿,90
遥,90
拥,90
鸟,90
米,89
碗,89
席,89
撒,89
苍,88
哪,88
吒,88
啼,88
州,88
娇,88
歹,88
彀,88
巡,87
丁,87
替,87
拽,87
吟,87
封,87
良,87
畜,87
瞒,86
鸡,86
哉,86
滴,85
坏,85
鸣,85
洪,85
升,85
站,85
仇,84
幼,84
悄,84
梁,84
值,84
森,84
独,84
写,84
闭,84
倚,84
承,84
樵,83
巧,83
戴,83
拳,83
密,83
妈,83
皈,83
盛,83
锋,82
蓝,82
讨,82
片,82
捧,82
负,81
顽,81
团,81
乘,81
尺,81
蛇,81
致,81
户,81
瑞,81
秀,81
谈,80
绿,80
愁,80
尸,80
环,80
钟,80
唱,80
尾,79
齿,79
阎,79
麻,79
寡,79
误,79
夺,79
圆,79
任,79
兴,79
郡,78
蕊,78
床,78
抢,78
村,78
品,78
渡,78
狠,77
略,77
阿,77
监,77
7,77
厉,77
车,77
永,77
馆,76
朱,76
适,76
辨,76
冰,76
财,76
碧,75
伯,75
绑,75
刘,75
簇,75
稳,75
睁,75
挣,75
采,75
征,75
类,74
敬,74
柴,74
耶,74
藤,74
叙,74
禁,74
眉,74
臾,74
盏,73
拖,73
刺,73
阶,73
种,73
热,73
访,73
味,73
钵,73
摩,73
桌,73
混,73
鹤,72
周,72
勒,72
艳,72
避,72
谨,72
免,72
曹,72
腹,72
易,72
辟,71
搅,71
状,71
磨,71
抵,71
漫,71
宇,71
胸,71
忘,71
困,71
镇,71
加,70
吆,70
惟,70
阻,70
挡,70
寇,70
筵,70
劝,70
攒,70
办,70
判,69
忧,69
剥,69
途,69
翅,69
专,69
奶,69
吉,69
冠,68
悬,68
踪,68
聚,68
浮,68
柜,68
机,68
终,68
横,68
运,68
姐,68
残,68
积,68
芭,67
贵,67
抱,67
完,67
敲,67
改,67
廊,67
喏,67
累,67
存,67
越,66
瑶,66
叹,66
梅,66
窝,66
羞,66
伽,66
历,66
怨,66
亡,66
乡,66
禽,65
普,65
辈,65
昂,65
顷,65
驸,65
妆,65
蟠,65
针,65
田,65
迷,65
选,65
斧,65
袱,64
配,64
透,64
弥,64
蕉,64
菜,64
刻,64
拱,64
拴,64
兔,64
巴,64
试,64
总,64
迭,63
乾,63
盗,63
映,63
脑,63
孔,63
袍,63
妃,63
寸,62
勾,62
劫,62
烂,62
犯,62
货,62
寂,62
懒,62
套,62
揪,62
抓,62
料,61
猢,61
珍,61
图,61
返,61
营,61
鞭,61
添,61
盂,61
饥,61
豹,61
迹,61
赏,61
榜,60
纸,60
屏,60
险,60
由,60
演,60
颜,60
吞,60
抽,60
电,60
喇,60
忒,59
遵,59
帽,59
鞋,59
钩,59
轿,59
夸,59
项,59
刮,59
费,59
狲,59
稀,59
拐,59
乎,59
境,59
墙,59
辉,58
案,58
堪,58
拦,58
工,58
辛,58
狐,58
妹,58
屋,58
祭,58
巍,58
饱,58
8,58
窗,58
圈,58
兜,58
帖,58
坤,57
丛,57
冤,57
始,57
愚,57
吐,57
裙,57
厅,57
挺,57
追,57
鹰,57
斩,57
抹,57
商,57
壮,57
恕,57
舌,56
枯,56
贴,56
肠,56
弼,56
6,56
饿,56
损,56
曲,56
堆,56
尉,56
惹,56
銮,56
贺,56
瓜,56
佳,55
溜,55
搬,55
网,55
吓,55
穷,55
丘,55
灼,55
冒,55
陀,55
荒,55
板,55
峻,55
店,55
凉,55
霜,55
柄,54
占,54
振,54
埋,54
业,54
牒,54
娥,54
画,54
享,54
捏,54
插,54
宁,54
硬,54
庙,54
欠,54
魄,54
淋,54
骗,54
餐,53
鞍,53
约,53
焦,53
勿,53
贪,53
喧,53
延,53
甘,53
魏,53
倘,53
缚,53
代,53
欣,53
锺,52
骑,52
偏,52
禄,52
瓦,52
柱,52
丧,52
叮,52
泥,52
简,52
昼,52
淡,52
市,52
撑,52
肩,52
移,51
扭,51
友,51
凹,51
系,51
帐,51
罩,51
智,51
宵,51
迸,51
烈,51
洋,51
赢,51
犹,50
阔,50
超,50
坠,50
撇,50
谓,50
股,50
携,50
斤,50
哈,50
囊,50
夯,50
岩,49
诵,49
县,49
鼋,49
闯,49
阙,49
戏,49
载,49
省,49
凌,49
歌,49
杨,49
防,49
挨,49
最,48
逐,48
邦,48
较,48
捞,48
哼,48
捣,48
弓,48
义,48
盈,48
摘,47
俊,47
敖,47
攀,47
仰,47
侯,47
玩,47
拈,47
寝,47
柏,47
私,47
押,47
翁,47
裰,46
牢,46
闷,46
枉,46
拉,46
乖,46
召,46
输,46
含,46
箭,46
准,46
狱,46
晦,46
虑,46
具,45
疾,45
扛,45
唿,45
健,45
探,45
获,45
煮,45
荤,45
焚,45
尝,45
庭,45
婿,45
午,45
乞,44
锡,44
遣,44
漆,44
爪,44
竺,44
卿,44
坚,44
冬,44
己,44
霭,44
烘,44
猜,44
谷,44
线,43
酬,43
霎,43
腮,43
冥,43
D,43
扮,43
哀,43
建,43
讯,43
犬,43
孝,43
纳,43
吼,43
烛,43
砂,43
渔,42
术,42
支,42
雕,42
擞,42
倾,42
努,42
衙,42
授,42
斜,42
怠,42
惠,42
窟,42
侧,42
渺,42
严,42
宅,42
颗,42
志,42
盆,42
视,41
浆,41
彻,41
蹄,41
富,41
履,41
否,41
宰,41
艺,41
丽,41
鲜,41
捽,41
兰,41
氏,41
腿,41
渴,40
鸾,40
擅,40
权,40
杂,40
拘,40
悚,40
匣,40
肝,40
獐,40
咦,40
浓,40
鳞,40
污,40
刁,40
塞,40
绰,40
殷,40
嫂,40
鹅,40
敕,40
惨,40
荆,40
集,40
巨,39
掀,39
潜,39
彼,39
坛,39
丰,39
暖,39
脉,39
岳,39
馍,39
秉,39
桩,39
滑,39
灰,39
谋,39
仍,39
锤,39
嘤,38
纪,38
煎,38
泰,38
痴,38
嫌,38
付,38
嗔,38
议,38
巢,38
扳,38
蟹,38
产,38
株,38
凄,38
词,38
削,38
赞,37
锣,37
朗,37
诳,37
1,37
壶,37
浅,37
戟,37
单,37
搜,37
贬,37
龟,37
擎,37
犀,37
祝,37
示,37
皂,37
洒,37
袋,37
嘻,37
粮,37
默,37
弃,37
掩,37
隔,36
暴,36
仪,36
贯,36
丫,36
5,36
庶,36
球,36
注,36
绵,36
际,36
厚,36
旋,36
源,36
雀,36
纱,36
奴,36
毗,36
俯,36
帮,36
逞,36
裹,36
释,36
唇,36
典,35
巾,35
拂,35
簿,35
恭,35
诉,35
粒,35
堕,35
剪,35
夏,35
璃,35
催,35
汪,35
浴,35
衔,35
噫,35
庆,35
耐,35
穴,35
凝,35
虾,35
梢,35
漠,35
拨,35
崔,34
饼,34
竿,34
印,34
嫔,34
勤,34
怯,34
豪,34
弹,34
斟,34
讫,34
仗,34
邀,34
属,34
职,34
檐,34
卫,34
川,34
缰,34
砖,34
漏,34
校,34
掼,34
策,34
竖,34
况,34
刷,33
像,33
零,33
邻,33
杵,33
衬,33
赖,33
叔,33
芳,33
咽,33
臂,33
0,33
溪,33
撺,33
僮,33
勇,33
史,33
—,33
笔,33
耀,32
薄,32
违,32
庵,32
缓,32
拙,32
鬓,32
躯,32
窍,32
卧,32
扎,32
愈,32
踢,32
仁,32
达,32
扣,32
谎,32
赡,32
攻,32
吸,31
惫,31
斯,31
逍,31
茫,31
陷,31
蹲,31
躧,31
眠,31
绦,31
拆,31
祷,31
鼍,31
棘,31
叨,31
雅,31
鸦,31
埃,31
赦,31
旌,31
割,31
耸,31
斑,31
熬,31
丸,31
逼,31
伶,31
侵,30
疏,30
镜,30
嫩,30
姿,30
陡,30
检,30
盔,30
芝,30
冻,30
卦,30
*,30
涯,30
3,30
夹,30
葛,30
蜜,30
格,30
蝇,30
4,30
截,30
律,30
萝,30
铙,30
制,30
剖,30
噙,30
缝,30
9,30
舒,30
荣,30
潺,30
置,30
蟒,30
涌,30
驼,29
偶,29
固,29
羽,29
垢,29
札,29
匠,29
辇,29
尼,29
狸,29
晴,29
哨,29
衫,29
篷,29
蝉,29
缸,29
潭,29
曜,29
琼,29
杏,29
颈,29
乒,29
挽,29
染,29
给,29
傲,29
熊,29
壑,28
梆,28
陋,28
黎,28
播,28
徐,28
擂,28
验,28
颠,28
撮,28
2,28
促,28
幢,28
激,28
屈,28
鲁,28
郁,28
宜,28
跨,28
咄,28
副,28
晶,28
速,28
坊,28
絮,28
率,28
凛,28
晒,28
叟,28
暑,28
械,27
符,27
社,27
贱,27
豆,27
蛟,27
灶,27
跃,27
酥,27
砌,27
泄,27
舟,27
夷,27
邓,27
脊,27
瘦,27
厨,27
幡,27
派,27
悠,27
惶,27
补,27
族,27
扢,27
润,27
察,27
捎,27
刃,27
虔,27
弯,27
慧,27
障,27
婚,27
栏,27
滔,26
妨,26
眷,26
燥,26
醉,26
爽,26
碍,26
刑,26
飕,26
觅,26
杆,26
楚,26
膊,26
纠,26
蹬,26
捶,26
乓,26
湾,26
弱,26
迦,26
朋,26
靴,26
突,26
吵,26
涉,25
峨,25
惜,25
灌,25
缩,25
痒,25
委,25
挝,25
祈,25
檀,25
鲤,25
哑,25
敛,25
戈,25
椅,25
汗,25
昆,25
哮,25
枣,25
婴,25
祇,25
雁,25
．,25
价,25
昧,25
湖,25
朦,25
琉,24
基,24
伴,24
掬,24
胖,24
飒,24
蜂,24
潇,24
靠,24
倦,24
击,24
捱,24
辘,24
爹,24
嚼,24
傩,24
俐,24
篮,24
狗,24
辔,24
沾,24
额,24
苏,24
款,24
鼠,24
揣,24
聒,24
核,24
脓,24
擦,24
萧,24
扰,24
妄,24
贞,23
髻,23
务,23
窿,23
罕,23
舅,23
毂,23
概,23
笋,23
剿,23
限,23
诈,23
遗,23
读,23
栽,23
剁,23
岛,23
搠,23
沐,23
誓,23
襕,23
伺,23
…,23
桶,23
亚,23
悦,23
澄,23
磬,23
习,23
潮,23
轩,23
衰,22
煌,22
缕,22
区,22
茅,22
拄,22
绒,22
猎,22
审,22
育,22
充,22
另,22
峥,22
裂,22
姻,22
馥,22
秤,22
嵘,22
诛,22
歪,22
哗,22
搧,22
噪,22
玲,22
惑,22
巅,22
预,22
蔼,22
材,22
铲,22
臭,21
秽,21
裳,21
殊,21
雌,21
悯,21
酸,21
暂,21
胧,21
弦,21
婢,21
喘,21
塌,21
磷,21
侮,21
乙,21
洁,21
膳,21
挟,21
燕,21
奖,21
酱,21
鳜,21
昔,21
棋,21
帚,21
域,21
申,21
捕,21
鳖,21
珑,21
联,21
绫,21
忠,21
崩,20
秦,20
晃,20
墨,20
隍,20
惯,20
巽,20
祠,20
莱,20
赚,20
窄,20
抟,20
呐,20
盼,20
脏,20
肴,20
瞻,20
蒲,20
恋,20
榻,20
鹊,20
遁,20
卒,20
皘,20
缥,20
科,20
竭,20
糊,20
肥,20
芽,20
瑀,20
晌,20
灿,20
射,20
诺,20
尿,20
宙,20
悔,20
录,19
啸,19
脂,19
吏,19
盹,19
泛,19
蟭,19
据,19
熏,19
钓,19
栖,19
蟟,19
稍,19
库,19
恳,19
杰,19
规,19
诏,19
拢,19
荷,19
泾,19
缈,19
患,19
炮,19
喂,19
勘,19
竞,19
谐,19
韵,19
趣,19
浸,19
庚,19
危,19
耽,19
苔,19
编,19
澡,19
蜻,19
茂,18
渊,18
瓣,18
傍,18
缨,18
皎,18
暮,18
钺,18
荫,18
拯,18
烹,18
炎,18
呢,18
轰,18
骷,18
裁,18
艰,18
廷,18
锐,18
淫,18
骸,18
臊,18
坑,18
淬,18
麟,18
允,18
缴,18
凑,18
嘘,18
沿,18
滩,18
谦,18
增,18
圭,18
卯,18
党,18
剃,18
腥,18
控,18
滞,18
沌,18
喉,18
枕,18
俏,18
唵,18
陆,18
央,18
措,18
秃,18
凳,18
甜,18
褊,17
苗,17
克,17
哏,17
揖,17
糖,17
唏,17
梳,17
渰,17
绽,17
麒,17
仆,17
孜,17
喨,17
膝,17
痕,17
优,17
资,17
霓,17
奎,17
剔,17
屠,17
旱,17
屡,17
盐,17
罡,17
附,17
乔,17
篇,17
详,17
腔,17
织,17
鬟,17
滋,17
钗,17
伐,17
栋,17
瀛,17
队,17
逆,17
腐,17
卜,17
陵,17
腻,17
唳,17
佯,17
卵,17
髅,17
寄,17
乍,17
皱,17
鬃,17
绊,16
卢,16
诲,16
峦,16
蔬,16
鹦,16
鹏,16
赃,16
淘,16
炒,16
操,16
尔,16
揉,16
袄,16
辖,16
贩,16
触,16
浩,16
维,16
腌,16
獠,16
壳,16
挫,16
囫,16
蝶,16
搂,16
囵,16
颂,16
蜓,16
靛,16
魅,16
跷,16
毁,16
窃,16
介,16
哝,16
津,16
睬,15
铸,15
媒,15
骁,15
渎,15
彪,15
辣,15
糕,15
绩,15
趱,15
戚,15
瞌,15
辱,15
琢,15
榴,15
浇,15
崎,15
揝,15
恰,15
饰,15
侄,15
京,15
毡,15
康,15
猖,15
猕,15
室,15
禀,15
聊,15
湿,15
颇,15
桧,15
炭,15
瘟,15
虹,15
棺,15
忆,15
膏,15
涎,15
朔,15
芒,15
坟,15
嗟,15
冉,15
寅,15
鉴,15
贡,15
燎,15
笙,15
嘱,15
姑,14
厄,14
槛,14
踵,14
浊,14
坎,14
诱,14
乳,14
赵,14
袭,14
垣,14
衲,14
-,14
肃,14
墩,14
叆,14
琶,14
馕,14
劣,14
琵,14
昴,14
妪,14
液,14
蚁,14
辅,14
蛛,14
迅,14
惭,14
鼎,14
髯,14
垓,14
梭,14
桂,14
揩,14
蛾,14
谬,14
猩,14
愆,14
巳,14
蘸,14
糟,14
篱,14
嵌,14
梨,14
销,14
挤,14
锯,14
拣,14
谒,14
泽,14
询,14
篁,14
溺,14
嘉,14
涤,14
愧,14
觌,14
妾,14
岖,14
卉,14
剩,14
枚,13
鸿,13
契,13
频,13
胁,13
柯,13
沟,13
鼾,13
苫,13
标,13
弘,13
甥,13
狡,13
仑,13
聋,13
涛,13
昭,13
碑,13
陶,13
卸,13
纤,13
稷,13
缤,13
濯,13
碌,13
舀,13
槃,13
匾,13
腊,13
籍,13
奸,13
啃,13
桑,13
苑,13
矮,13
啯,13
慎,13
鄙,13
挥,13
描,13
剜,13
褪,13
佑,13
磁,13
纯,13
绛,13
锉,13
搓,13
填,13
罄,13
柿,13
馀,13
晕,13
柔,13
猱,13
益,13
掐,13
嵯,13
耕,13
摧,13
蓼,13
胀,12
搁,12
蹊,12
馐,12
爆,12
旅,12
咤,12
霹,12
樱,12
扁,12
嫦,12
蛮,12
继,12
诊,12
棂,12
麦,12
簪,12
寨,12
僻,12
级,12
奋,12
骋,12
琪,12
垒,12
罐,12
苟,12
菊,12
杜,12
蹈,12
堤,12
蹡,12
兕,12
敝,12
躁,12
掳,12
襟,12
凿,12
扉,12
藜,12
棹,12
缺,12
獬,12
怡,12
涨,12
瑙,12
祛,12
仓,12
龄,12
迓,12
肢,12
猫,12
弩,12
融,12
羡,12
菲,12
伦,12
锭,12
沼,12
旷,12
匝,12
撩,12
牲,12
责,12
叱,12
雳,12
夭,12
玛,12
绮,12
塘,12
趋,12
槐,12
琴,12
泡,12
爵,12
籁,12
均,12
肿,12
嘛,12
酌,12
勉,12
幔,11
废,11
醋,11
椰,11
钹,11
凋,11
汞,11
棱,11
倍,11
呜,11
萄,11
伞,11
翩,11
箫,11
蜘,11
玻,11
胭,11
熌,11
雏,11
拚,11
倏,11
宾,11
湛,11
翘,11
掷,11
末,11
瓢,11
惰,11
淅,11
翎,11
畔,11
梃,11
碓,11
呻,11
珪,11
筏,11
葱,11
援,11
梯,11
迁,11
赭,11
挈,11
觑,11
统,11
拷,11
涓,11
槽,11
肌,11
鸳,11
啄,11
筛,11
博,11
络,11
枷,11
矗,11
纲,11
鲇,11
帛,11
蜡,11
课,11
减,11
粘,11
斓,11
蚕,11
藓,11
糙,11
练,11
幅,11
讶,11
蠢,11
荐,11
癞,11
猊,11
咛,11
局,11
迍,11
焉,11
犴,11
酉,11
迢,11
麂,11
震,11
撼,11
忖,11
隆,11
繁,11
偿,10
蕙,10
稽,10
馨,10
噤,10
妒,10
稻,10
氛,10
芥,10
睹,10
牡,10
噹,10
颓,10
铠,10
酣,10
踊,10
槌,10
著,10
篾,10
芙,10
氲,10
棵,10
训,10
魉,10
魍,10
态,10
菇,10
蓉,10
禹,10
妍,10
狻,10
骡,10
笠,10
郭,10
跄,10
碣,10
沫,10
蹭,10
阐,10
翡,10
鳌,10
筹,10
绡,10
馒,10
巷,10
哽,10
唧,10
虱,10
芍,10
咳,10
梧,10
晏,10
窑,10
烬,10
娆,10
挠,10
掠,10
莺,10
桓,10
踉,10
沦,10
葡,10
莎,10
煅,10
寞,10
佐,10
棕,10
厘,10
泣,10
墀,10
辄,10
蔓,10
劲,10
飖,10
蒿,10
藕,10
屯,10
搪,10
嫁,10
屁,10
煞,10
缭,10
朽,10
亢,10
薜,10
鹭,10
闰,10
蔽,10
珮,10
吝,10
敧,10
钞,9
馅,9
佇,9
厌,9
恁,9
裆,9
剌,9
塑,9
狢,9
粥,9
灞,9
躘,9
督,9
咋,9
箕,9
逸,9
抄,9
孕,9
氅,9
偎,9
刽,9
柬,9
髓,9
辆,9
讳,9
债,9
镌,9
馔,9
蛰,9
序,9
唾,9
逻,9
怆,9
忏,9
肆,9
剐,9
栗,9
亘,9
纹,9
嘶,9
谅,9
瓮,9
杳,9
骏,9
姹,9
骤,9
珊,9
汁,9
懈,9
季,9
骇,9
亿,9
兀,9
揌,9
萤,9
箱,9
桠,9
睮,9
撤,9
庞,9
绞,9
赘,9
袁,9
沧,9
匙,9
肺,9
祟,9
钳,9
莽,9
腑,9
棠,9
亥,9
喳,9
嗳,9
凰,9
袅,9
晨,9
创,9
侣,9
彘,9
衢,9
农,9
测,9
皓,9
驯,9
慨,9
续,9
媚,9
奥,9
鹫,9
逊,9
蘑,9
陌,9
覆,8
循,8
祐,8
忿,8
帕,8
绪,8
导,8
菁,8
袜,8
螃,8
娑,8
畏,8
栈,8
吠,8
楞,8
酆,8
墓,8
抚,8
碾,8
览,8
姨,8
葬,8
夕,8
颔,8
奕,8
箓,8
枫,8
烁,8
俸,8
舜,8
皿,8
淙,8
敞,8
鸭,8
淮,8
仅,8
效,8
瀑,8
搴,8
虞,8
暇,8
茵,8
笤,8
啐,8
蝎,8
绢,8
麋,8
瞑,8
挞,8
涂,8
颤,8
殃,8
诃,8
辕,8
娜,8
【,8
篆,8
姆,8
禾,8
咙,8
质,8
拍,8
椒,8
涕,8
畅,8
铅,8
瑚,8
鹞,8
劖,8
恍,8
豕,8
驱,8
羁,8
蜢,8
耻,8
醮,8
挎,8
黛,8
沽,8
崇,8
翰,8
塵,8
批,8
囟,8
鸯,8
邱,8
】,8
弈,8
葩,8
檄,8
氤,8
兮,8
驴,8
钧,8
窖,8
政,8
糠,8
涅,8
岫,8
挪,8
偈,8
叵,8
槎,8
牟,8
旦,8
鹂,8
秘,8
觥,8
嶂,8
狈,8
赍,8
淌,8
姚,8
掯,8
砚,8
串,8
聪,8
抗,7
艾,7
伪,7
蚂,7
怖,7
旃,7
罔,7
贾,7
嚣,7
蜈,7
践,7
宦,7
懂,7
蒜,7
钥,7
蜃,7
嘹,7
迈,7
寐,7
胃,7
缃,7
睦,7
泱,7
犺,7
屑,7
腕,7
翼,7
蝼,7
掮,7
漱,7
誉,7
栊,7
估,7
梵,7
肤,7
俟,7
帏,7
咨,7
划,7
彤,7
蚊,7
鸥,7
忤,7
邅,7
菱,7
铎,7
役,7
裤,7
獗,7
舆,7
膂,7
究,7
吕,7
瑕,7
葵,7
嗛,7
赁,7
艮,7
荧,7
捡,7
煨,7
忌,7
盒,7
胞,7
獾,7
鬣,7
箸,7
酿,7
徵,7
捍,7
裘,7
谣,7
罴,7
芋,7
蚣,7
锻,7
攥,7
佩,7
锄,7
亩,7
漓,7
谕,7
姜,7
瘴,7
麝,7
嚎,7
缆,7
姊,7
傅,7
胯,7
茸,7
叠,7
嫉,7
堵,7
哂,7
魇,7
觔,7
奠,7
罚,7
迥,7
淹,7
嚏,7
叇,7
扒,7
臻,7
衡,7
嘈,7
薪,7
沥,7
痨,7
疴,7
募,7
谤,7
蓑,7
荔,7
赠,7
惩,7
咆,7
軃,7
霆,7
篙,7
韩,7
哺,7
疲,7
耿,7
垛,7
峭,7
狞,7
庸,6
戗,6
咸,6
伟,6
澜,6
幕,6
翔,6
蜀,6
贻,6
瞎,6
耗,6
魀,6
琥,6
躇,6
镶,6
卺,6
考,6
恃,6
觞,6
煼,6
兹,6
沱,6
艇,6
协,6
尧,6
扠,6
庑,6
嶒,6
脯,6
懊,6
樗,6
犼,6
牧,6
砑,6
溅,6
膛,6
聆,6
屎,6
蝴,6
诬,6
儒,6
尤,6
矩,6
厦,6
兆,6
卑,6
啕,6
囚,6
娶,6
缢,6
楮,6
储,6
汲,6
蠙,6
滂,6
哦,6
驰,6
醪,6
貂,6
湲,6
馁,6
橙,6
穹,6
戌,6
涩,6
讽,6
仿,6
厂,6
蚤,6
隅,6
殄,6
攸,6
绷,6
簸,6
跋,6
椽,6
旺,6
匀,6
冗,6
隙,6
廉,6
珀,6
坂,6
偃,6
痖,6
囔,6
燃,6
呖,6
衾,6
瑁,6
镫,6
媳,6
坦,6
渭,6
啭,6
饵,6
轳,6
蕈,6
椿,6
呈,6
豸,6
魑,6
肐,6
奁,6
锈,6
脐,6
祀,6
餂,6
吴,6
魁,6
鹃,6
韬,6
蟾,6
唆,6
踌,6
脾,6
虼,6
疆,6
枒,6
纬,6
萦,6
圜,6
秾,6
伫,6
讹,6
萼,6
版,6
瑜,6
搽,6
窕,6
慕,6
缎,6
玳,6
诣,6
庖,6
绶,6
伊,5
溟,5
掭,5
爻,5
汹,5
榛,5
鸪,5
玷,5
轴,5
疥,5
叭,5
匡,5
婷,5
闺,5
悭,5
霸,5
秧,5
蹉,5
峪,5
恒,5
崒,5
尻,5
鹧,5
纽,5
蛭,5
锟,5
舂,5
谜,5
胄,5
诞,5
幻,5
蹙,5
湘,5
戮,5
纶,5
蒂,5
姬,5
掘,5
脆,5
娄,5
薇,5
腆,5
馋,5
挜,5
糜,5
肱,5
朴,5
谙,5
骢,5
窈,5
楫,5
仃,5
曳,5
函,5
宋,5
宠,5
羸,5
希,5
宥,5
楠,5
懞,5
烨,5
嗅,5
廓,5
耙,5
悉,5
酪,5
懵,5
嗽,5
鲌,5
薛,5
戳,5
衕,5
吽,5
桅,5
黍,5
弊,5
晤,5
鯾,5
鲸,5
窜,5
螺,5
狭,5
樽,5
坯,5
辩,5
漾,5
届,5
缉,5
纭,5
哜,5
纻,5
荠,5
翳,5
摺,5
笛,5
痰,5
娱,5
哇,5
鹉,5
捋,5
牖,5
昌,5
梓,5
忝,5
枢,5
韂,5
粱,5
禳,5
焃,5
孟,5
矬,5
萌,5
霖,5
碟,5
靖,5
恤,5
蘋,5
蒺,5
晋,5
芹,5
租,5
凯,5
娉,5
榔,5
磊,5
敷,5
穗,5
荼,5
颖,5
涸,5
拒,5
搔,5
崚,5
桨,5
植,5
榆,5
瑟,5
雉,5
蜍,5
拑,5
皤,5
岚,5
杓,5
跤,5
楷,5
雇,5
阇,5
鐏,5
捐,5
犊,5
赋,5
藐,5
嵂,5
睆,5
虐,5
苓,5
缁,5
娃,5
郊,5
阆,5
矛,5
择,5
僵,5
炊,5
醴,5
饯,5
缪,4
稼,4
巩,4
箝,4
茭,4
鋘,4
括,4
攘,4
亵,4
煠,4
仵,4
髽,4
咎,4
堑,4
悖,4
臀,4
骝,4
湍,4
赊,4
筒,4
靦,4
咏,4
茯,4
鸨,4
涵,4
冢,4
砧,4
驻,4
筐,4
蛙,4
仞,4
饧,4
枭,4
虬,4
宪,4
矢,4
晾,4
茄,4
樊,4
卤,4
茉,4
牺,4
誊,4
恙,4
勣,4
庐,4
卮,4
淄,4
尴,4
寓,4
晖,4
煤,4
范,4
鞠,4
隶,4
惚,4
荻,4
旬,4
尪,4
遐,4
俚,4
揲,4
倨,4
掇,4
纥,4
荜,4
蘼,4
式,4
堡,4
纺,4
屹,4
羹,4
钿,4
泯,4
窠,4
谯,4
芰,4
峤,4
绸,4
唣,4
扆,4
兼,4
址,4
鴏,4
挛,4
笊,4
鐄,4
汀,4
紊,4
蠃,4
狔,4
忻,4
沁,4
熄,4
瞧,4
炷,4
蜇,4
笏,4
簌,4
璧,4
祯,4
钤,4
鳷,4
媾,4
谗,4
什,4
蟆,4
窥,4
狨,4
惴,4
抉,4
豝,4
鸶,4
岱,4
〕,4
需,4
诘,4
棚,4
瞅,4
疙,4
桐,4
咿,4
啅,4
嬝,4
拌,4
蛤,4
喃,4
贮,4
槁,4
阅,4
苇,4
圯,4
屉,4
徉,4
蓏,4
菡,4
瓯,4
悴,4
萏,4
抠,4
踞,4
宛,4
榧,4
疯,4
赔,4
圃,4
吅,4
骆,4
鞘,4
唯,4
盲,4
硝,4
寰,4
庇,4
泻,4
蹼,4
〔,4
恣,4
掏,4
鲮,4
吁,4
骊,4
粪,4
蛋,4
鱑,4
裔,4
垫,4
杠,4
魈,4
蓍,4
髭,4
槿,4
咂,4
骘,4
够,4
蔷,4
揸,4
侥,4
衠,4
沸,4
肖,4
俺,4
鹚,4
眸,4
茧,4
箬,4
菾,4
缀,4
挦,4
浦,4
糯,4
暨,4
泊,4
旄,4
孀,4
轸,4
豺,4
牯,4
拗,4
徭,4
褒,4
敦,4
闱,4
瑰,4
伍,4
恓,4
曼,4
笃,4
茔,4
稚,4
航,4
镰,4
藻,4
傞,4
鲭,4
嗒,4
卞,4
揾,4
颅,4
例,4
钝,4
檎,4
帔,3
瞥,3
翕,3
睺,3
掂,3
喙,3
菂,3
绔,3
酡,3
箧,3
缯,3
箪,3
蹅,3
嗣,3
拭,3
娼,3
蜗,3
霏,3
羔,3
曙,3
猷,3
疸,3
蕃,3
闸,3
挖,3
勋,3
抑,3
培,3
伉,3
腭,3
柮,3
镯,3
蓦,3
昙,3
疤,3
骦,3
俦,3
觜,3
嗤,3
鲨,3
劬,3
嫡,3
谴,3
乜,3
肘,3
猥,3
笞,3
蕴,3
谆,3
袂,3
骕,3
斫,3
贰,3
券,3
湅,3
票,3
噀,3
箔,3
膘,3
匆,3
谱,3
仲,3
桔,3
皋,3
睖,3
涝,3
锢,3
虀,3
詈,3
佞,3
赓,3
醺,3
蛀,3
铊,3
褴,3
粽,3
箨,3
饷,3
逶,3
葭,3
畿,3
倈,3
辍,3
毯,3
喑,3
琐,3
芜,3
淳,3
[,3
熳,3
齑,3
屣,3
縺,3
嗓,3
潠,3
譬,3
癫,3
醐,3
犒,3
缟,3
韶,3
陕,3
眺,3
靿,3
链,3
谄,3
玑,3
霾,3
奢,3
俭,3
阖,3
殖,3
姢,3
诡,3
棬,3
搊,3
鲥,3
炽,3
玎,3
灒,3
哕,3
镔,3
燧,3
洼,3
趄,3
瓠,3
丙,3
膜,3
咪,3
],3
篓,3
菰,3
遽,3
厕,3
刬,3
橄,3
醍,3
寥,3
畦,3
遨,3
鍪,3
杲,3
铭,3
渗,3
帷,3
罍,3
颧,3
酩,3
枇,3
貉,3
怅,3
绍,3
呦,3
靼,3
姮,3
倩,3
评,3
赫,3
啻,3
掉,3
颏,3
冕,3
刨,3
鲲,3
握,3
芤,3
泗,3
橘,3
禺,3
漉,3
嶷,3
耘,3
讴,3
榄,3
砥,3
枰,3
卓,3
柰,3
肋,3
竦,3
巉,3
烫,3
瀼,3
鲈,3
漕,3
疮,3
虏,3
旻,3
董,3
獭,3
鏖,3
犭,3
娲,3
蒹,3
剂,3
渍,3
澌,3
傻,3
圞,3
汾,3
钮,3
赎,3
粟,3
盟,3
苋,3
嘎,3
熙,3
愍,3
貔,3
眙,3
亨,3
犁,3
爇,3
玫,3
谪,3
唉,3
嫱,3
孰,3
很,3
楟,3
迩,3
敏,3
拶,3
氐,3
榾,3
媸,3
嘬,3
淤,3
鞑,3
噬,3
咀,3
岗,3
裀,3
蚌,3
栓,3
娟,3
穰,3
迫,3
琅,3
呕,3
鲊,3
跬,3
烙,3
裩,3
槅,3
驷,3
轧,3
婵,3
杷,3
恹,3
嶝,3
荞,3
齆,3
翱,3
麾,3
嬉,3
骈,3
珰,3
贽,3
磴,3
簧,3
戎,3
殓,3
疗,3
瘖,3
熯,3
蟋,3
诓,3
翛,3
蝠,3
彰,3
苹,3
浼,3
醄,3
萍,3
蒭,3
晡,3
惺,3
狤,3
褶,3
駔,3
嗉,3
滥,3
黯,3
羚,3
订,3
帜,3
芊,3
獝,3
佥,3
懦,3
酕,3
颁,3
騂,3
阊,3
膻,3
驹,3
欷,3
痈,3
Q,3
绚,3
迤,3
蕖,3
蚓,3
遏,3
酲,3
檠,3
痊,3
赥,3
翮,3
狰,3
衷,3
酷,3
搲,3
鳅,3
僝,3
蛩,3
畴,3
藿,3
辜,3
佣,3
睳,3
舔,3
炳,3
铛,3
夙,3
霁,3
殡,3
噇,3
稠,3
絯,3
裸,3
骅,3
笄,3
爊,3
谶,3
郑,3
漷,3
肾,3
菔,3
咇,3
僽,3
篡,3
哃,3
酊,3
爨,3
筮,3
欹,3
齁,3
锥,3
壅,3
谏,3
盱,3
懿,3
憔,3
哲,3
溶,3
某,3
Z,2
唎,2
馑,2
袛,2
予,2
蚯,2
臁,2
鱨,2
蹴,2
暄,2
猍,2
儡,2
殒,2
磐,2
俎,2
嵩,2
骄,2
酝,2
鲳,2
羿,2
窊,2
皐,2
赈,2
荬,2
绎,2
膀,2
褛,2
逾,2
综,2
泞,2
鞒,2
驽,2
薅,2
麓,2
麖,2
毬,2
删,2
膭,2
蒯,2
邷,2
铣,2
鸽,2
恬,2
癸,2
罾,2
骐,2
帓,2
警,2
蓄,2
蝙,2
楝,2
,2
榇,2
傀,2
谊,2
渤,2
趟,2
澳,2
蠲,2
徊,2
滉,2
汊,2
颐,2
揫,2
迳,2
玠,2
箴,2
饳,2
谵,2
涴,2
摊,2
穑,2
钏,2
柘,2
诰,2
龚,2
駼,2
绾,2
騔,2
沛,2
妩,2
抒,2
鲻,2
隋,2
倐,2
癀,2
聘,2
茎,2
瑠,2
灸,2
霍,2
搫,2
墟,2
骠,2
炸,2
睍,2
汛,2
杭,2
龈,2
抅,2
喋,2
岑,2
妓,2
唠,2
筝,2
砾,2
蓁,2
雍,2
菖,2
婪,2
騕,2
吮,2
洛,2
悮,2
咶,2
惮,2
凸,2
勺,2
羑,2
莙,2
距,2
忑,2
潦,2
旭,2
牸,2
签,2
蹋,2
撬,2
/,2
豇,2
歉,2
荙,2
烤,2
祗,2
刎,2
傥,2
淇,2
籥,2
槟,2
辿,2
琗,2
蔗,2
阡,2
倥,2
娩,2
狎,2
鹑,2
忐,2
硕,2
菘,2
埠,2
述,2
沃,2
芫,2
盞,2
嵎,2
獒,2
翥,2
溲,2
啾,2
怛,2
港,2
膨,2
兑,2
浙,2
闾,2
昊,2
邑,2
铩,2
阕,2
瞔,2
俄,2
荇,2
鹌,2
鹥,2
剽,2
殁,2
茆,2
嚓,2
騠,2
冽,2
鳏,2
杞,2
铿,2
戛,2
眩,2
褭,2
柞,2
貅,2
冯,2
愉,2
潘,2
豚,2
筠,2
侪,2
瘩,2
舱,2
佃,2
姌,2
弭,2
捘,2
濛,2
赜,2
瞽,2
瘼,2
儾,2
泫,2
孺,2
辂,2
庾,2
锚,2
樯,2
鲫,2
㳠,2
戊,2
宏,2
阒,2
斛,2
骥,2
趫,2
孛,2
茴,2
篏,2
矧,2
拟,2
羌,2
盅,2
萱,2
舵,2
莴,2
拊,2
译,2
偌,2
埂,2
嫖,2
噘,2
巫,2
斝,2
皻,2
曛,2
嫣,2
拇,2
焕,2
蘛,2
吧,2
餪,2
杉,2
霉,2
揞,2
黠,2
壤,2
杈,2
慵,2
鲍,2
阑,2
夤,2
嘲,2
砺,2
绘,2
蹍,2
俫,2
蛱,2
壬,2
栅,2
駃,2
窎,2
嘑,2
熔,2
隘,2
蹱,2
確,2
蛆,2
苞,2
炬,2
沓,2
碛,2
炫,2
键,2
堰,2
蛏,2
泓,2
汨,2
啮,2
诽,2
铄,2
趾,2
翊,2
俪,2
薤,2
炁,2
褐,2
琮,2
鬏,2
毧,2
澹,2
凫,2
鞄,2
丕,2
炖,2
蟮,2
鹄,2
欧,2
谩,2
鹳,2
讼,2
筇,2
腋,2
溢,2
鄂,2
笆,2
豁,2
薰,2
爰,2
瘢,2
酾,2
橐,2
￥,2
饲,2
籴,2
猁,2
阃,2
鮆,2
麈,2
逗,2
漩,2
妲,2
癃,2
菽,2
囒,2
猾,2
薏,2
薯,2
琚,2
阮,2
秇,2
苡,2
恢,2
橦,2
藩,2
邂,2
袒,2
咚,2
喔,2
逭,2
枸,2
贿,2
酗,2
菠,2
浍,2
俨,2
磲,2
衽,2
喁,2
邃,2
馉,2
啖,2
韭,2
憎,2
诂,2
鑨,2
讪,2
羲,2
雹,2
乏,2
咧,2
颉,2
騊,2
炙,2
侈,2
勅,2
泠,2
杌,2
痫,2
鲆,2
茏,2
互,2
靡,2
徜,2
掤,2
甫,2
瞬,2
珉,2
蜋,2
蜷,2
{,2
苾,2
荽,2
窦,2
裾,2
缄,2
樨,2
莹,2
镂,2
捷,2
渚,2
晰,2
瘫,2
碴,2
挹,2
幛,2
蛎,2
闽,2
蹻,2
弁,2
枋,2
桡,2
龛,2
嗗,2
鳝,2
矫,2
咱,2
焙,2
僭,2
逅,2
辐,2
骞,2
焯,2
粲,2
蹑,2
僚,2
擢,2
诨,2
坫,2
鞦,2
汽,2
跼,2
圊,2
璋,2
幄,2
拧,2
杪,2
铳,2
稔,2
褡,2
莉,2
慰,2
鄱,2
琳,2
跎,2
痞,2
恻,2
艎,2
辏,2
鲙,2
讵,2
鷃,2
啈,2
跣,2
蕨,2
璞,2
赆,2
赣,2
饫,2
熝,2
倜,2
鹜,2
辋,2
蜾,2
菑,2
摔,2
柩,2
慷,2
鬘,2
渣,2
沤,2
耨,2
硗,2
恧,2
镵,2
瓴,2
慽,2
袢,2
鲅,2
妁,2
枓,2
跘,2
焜,2
夬,2
毋,2
叛,2
腼,2
搕,2
徘,2
逝,2
谲,2
蘩,2
匿,2
J,2
衍,2
,2
镟,2
绺,2
駬,2
臼,2
騄,2
眭,2
龁,2
肓,2
阜,2
暧,2
憩,2
鸬,2
芬,2
邸,2
棣,2
鬅,2
蔑,2
踘,2
囱,2
鹐,2
鹗,2
赑,2
彭,2
鲂,2
欤,2
镕,2
＋,2
靸,2
鷫,2
陲,2
冈,2
戕,2
糰,2
憨,2
踡,2
鳠,2
呱,2
玨,2
渠,2
,2
纫,2
簆,2
尬,2
蜚,2
坞,2
铇,2
柑,2
宸,2
祚,2
鹁,2
愕,2
窘,2
唝,2
褥,2
刳,2
泌,2
旒,2
煽,2
寮,2
冀,2
槺,2
它,2
沍,2
邵,2
螭,2
趷,2
症,2
蹶,2
币,2
侠,2
瞰,2
郸,2
圩,2
橹,2
杻,2
